{
  "Delete user-1" : {
    "transaction" : "Delete user-1",
    "sampleCount" : 1000,
    "errorCount" : 0,
    "errorPct" : 0.0,
    "meanResTime" : 4145.282999999993,
    "medianResTime" : 4230.0,
    "minResTime" : 419.0,
    "maxResTime" : 6564.0,
    "pct1ResTime" : 6126.9,
    "pct2ResTime" : 6176.95,
    "pct3ResTime" : 6418.89,
    "throughput" : 8.898222135217383,
    "receivedKBytesPerSec" : 18.15272074264562,
    "sentKBytesPerSec" : 3.5975234023242155
  },
  "Job Details" : {
    "transaction" : "Job Details",
    "sampleCount" : 1000,
    "errorCount" : 0,
    "errorPct" : 0.0,
    "meanResTime" : 3384.2749999999974,
    "medianResTime" : 3085.0,
    "minResTime" : 442.0,
    "maxResTime" : 43515.0,
    "pct1ResTime" : 6235.8,
    "pct2ResTime" : 6625.95,
    "pct3ResTime" : 7524.35,
    "throughput" : 8.723034918308777,
    "receivedKBytesPerSec" : 7.939324749866974,
    "sentKBytesPerSec" : 1.737792112631827
  },
  "Get posted jobs" : {
    "transaction" : "Get posted jobs",
    "sampleCount" : 1000,
    "errorCount" : 0,
    "errorPct" : 0.0,
    "meanResTime" : 4595.228999999996,
    "medianResTime" : 5767.0,
    "minResTime" : 444.0,
    "maxResTime" : 8093.0,
    "pct1ResTime" : 6162.9,
    "pct2ResTime" : 6182.9,
    "pct3ResTime" : 6759.99,
    "throughput" : 8.388487639563463,
    "receivedKBytesPerSec" : 1.9414761431411531,
    "sentKBytesPerSec" : 3.4078231035726567
  },
  "Delete user-0" : {
    "transaction" : "Delete user-0",
    "sampleCount" : 1000,
    "errorCount" : 0,
    "errorPct" : 0.0,
    "meanResTime" : 435.3439999999998,
    "medianResTime" : 417.0,
    "minResTime" : 404.0,
    "maxResTime" : 1504.0,
    "pct1ResTime" : 447.9,
    "pct2ResTime" : 469.0,
    "pct3ResTime" : 1434.8600000000001,
    "throughput" : 8.894818768067601,
    "receivedKBytesPerSec" : 1.641719479653102,
    "sentKBytesPerSec" : 3.787247053591283
  },
  "Apply Job" : {
    "transaction" : "Apply Job",
    "sampleCount" : 1000,
    "errorCount" : 0,
    "errorPct" : 0.0,
    "meanResTime" : 3502.832000000001,
    "medianResTime" : 3800.0,
    "minResTime" : 440.0,
    "maxResTime" : 8029.0,
    "pct1ResTime" : 6036.9,
    "pct2ResTime" : 6064.95,
    "pct3ResTime" : 6780.0,
    "throughput" : 8.920527024736622,
    "receivedKBytesPerSec" : 2.8660677647835433,
    "sentKBytesPerSec" : 2.2824004692197217
  },
  "Login" : {
    "transaction" : "Login",
    "sampleCount" : 1000,
    "errorCount" : 0,
    "errorPct" : 0.0,
    "meanResTime" : 11789.817999999994,
    "medianResTime" : 11733.5,
    "minResTime" : 8408.0,
    "maxResTime" : 17273.0,
    "pct1ResTime" : 14378.9,
    "pct2ResTime" : 14874.5,
    "pct3ResTime" : 16342.150000000001,
    "throughput" : 56.75368898978434,
    "receivedKBytesPerSec" : 29.817856129398407,
    "sentKBytesPerSec" : 118.60634222474461
  },
  "FiindJob" : {
    "transaction" : "FiindJob",
    "sampleCount" : 1000,
    "errorCount" : 0,
    "errorPct" : 0.0,
    "meanResTime" : 36781.27600000005,
    "medianResTime" : 35243.0,
    "minResTime" : 12904.0,
    "maxResTime" : 119262.0,
    "pct1ResTime" : 54507.2,
    "pct2ResTime" : 62202.74999999995,
    "pct3ResTime" : 79554.55000000003,
    "throughput" : 8.094085651614366,
    "receivedKBytesPerSec" : 896.2381851643504,
    "sentKBytesPerSec" : 1.5176410596776935
  },
  "Delete a job" : {
    "transaction" : "Delete a job",
    "sampleCount" : 1000,
    "errorCount" : 0,
    "errorPct" : 0.0,
    "meanResTime" : 4710.536000000002,
    "medianResTime" : 5765.5,
    "minResTime" : 448.0,
    "maxResTime" : 6858.0,
    "pct1ResTime" : 6067.0,
    "pct2ResTime" : 6119.7,
    "pct3ResTime" : 6813.0,
    "throughput" : 8.388909861163542,
    "receivedKBytesPerSec" : 2.2528810662304433,
    "sentKBytesPerSec" : 3.5882251163961243
  },
  "Get reviews" : {
    "transaction" : "Get reviews",
    "sampleCount" : 1000,
    "errorCount" : 0,
    "errorPct" : 0.0,
    "meanResTime" : 3931.358999999998,
    "medianResTime" : 3994.5,
    "minResTime" : 419.0,
    "maxResTime" : 6817.0,
    "pct1ResTime" : 6001.0,
    "pct2ResTime" : 6027.0,
    "pct3ResTime" : 6645.610000000001,
    "throughput" : 9.089173884985595,
    "receivedKBytesPerSec" : 24.418278669526728,
    "sentKBytesPerSec" : 1.2515366384599305
  },
  "Add Category" : {
    "transaction" : "Add Category",
    "sampleCount" : 1000,
    "errorCount" : 0,
    "errorPct" : 0.0,
    "meanResTime" : 4914.204999999999,
    "medianResTime" : 5028.0,
    "minResTime" : 420.0,
    "maxResTime" : 7359.0,
    "pct1ResTime" : 6047.0,
    "pct2ResTime" : 6079.0,
    "pct3ResTime" : 6808.99,
    "throughput" : 8.543430529094653,
    "receivedKBytesPerSec" : 2.7449107852266996,
    "sentKBytesPerSec" : 4.204969713538774
  },
  "Put an admin" : {
    "transaction" : "Put an admin",
    "sampleCount" : 1000,
    "errorCount" : 0,
    "errorPct" : 0.0,
    "meanResTime" : 9177.130000000005,
    "medianResTime" : 9161.0,
    "minResTime" : 641.0,
    "maxResTime" : 12872.0,
    "pct1ResTime" : 11984.7,
    "pct2ResTime" : 12031.0,
    "pct3ResTime" : 12831.97,
    "throughput" : 8.626118160566564,
    "receivedKBytesPerSec" : 2.7714774168226555,
    "sentKBytesPerSec" : 3.6981112036022665
  },
  "Delete user" : {
    "transaction" : "Delete user",
    "sampleCount" : 1000,
    "errorCount" : 0,
    "errorPct" : 0.0,
    "meanResTime" : 4580.786000000005,
    "medianResTime" : 4641.5,
    "minResTime" : 830.0,
    "maxResTime" : 7347.0,
    "pct1ResTime" : 6556.9,
    "pct2ResTime" : 6597.95,
    "pct3ResTime" : 6855.0,
    "throughput" : 8.861320336730172,
    "receivedKBytesPerSec" : 19.7129762959681,
    "sentKBytesPerSec" : 7.3555881701373504
  },
  "Total" : {
    "transaction" : "Total",
    "sampleCount" : 20000,
    "errorCount" : 0,
    "errorPct" : 0.0,
    "meanResTime" : 6727.6967999999515,
    "medianResTime" : 5087.0,
    "minResTime" : 404.0,
    "maxResTime" : 119262.0,
    "pct1ResTime" : 12075.700000000004,
    "pct2ResTime" : 16044.200000000026,
    "pct3ResTime" : 47706.97,
    "throughput" : 127.87233226346814,
    "receivedKBytesPerSec" : 2036.0350476084677,
    "sentKBytesPerSec" : 64.16718548201476
  },
  "Delete Applied Jobs" : {
    "transaction" : "Delete Applied Jobs",
    "sampleCount" : 1000,
    "errorCount" : 0,
    "errorPct" : 0.0,
    "meanResTime" : 4134.751999999996,
    "medianResTime" : 4983.0,
    "minResTime" : 444.0,
    "maxResTime" : 8951.0,
    "pct1ResTime" : 6042.0,
    "pct2ResTime" : 6147.799999999999,
    "pct3ResTime" : 6821.84,
    "throughput" : 8.535919147773832,
    "receivedKBytesPerSec" : 1.9755984746312483,
    "sentKBytesPerSec" : 3.4677171537831195
  },
  "Admin or not" : {
    "transaction" : "Admin or not",
    "sampleCount" : 1000,
    "errorCount" : 0,
    "errorPct" : 0.0,
    "meanResTime" : 4911.298999999987,
    "medianResTime" : 5011.5,
    "minResTime" : 419.0,
    "maxResTime" : 7021.0,
    "pct1ResTime" : 6009.9,
    "pct2ResTime" : 6033.849999999999,
    "pct3ResTime" : 6746.77,
    "throughput" : 8.499354049092268,
    "receivedKBytesPerSec" : 2.075037609641667,
    "sentKBytesPerSec" : 3.486063184198001
  },
  "Get categories" : {
    "transaction" : "Get categories",
    "sampleCount" : 1000,
    "errorCount" : 0,
    "errorPct" : 0.0,
    "meanResTime" : 3563.4579999999987,
    "medianResTime" : 3794.5,
    "minResTime" : 418.0,
    "maxResTime" : 6803.0,
    "pct1ResTime" : 5975.8,
    "pct2ResTime" : 6011.95,
    "pct3ResTime" : 6131.370000000001,
    "throughput" : 9.30275826782641,
    "receivedKBytesPerSec" : 10.647297548723197,
    "sentKBytesPerSec" : 1.308200381413089
  },
  "Get all jobs" : {
    "transaction" : "Get all jobs",
    "sampleCount" : 1000,
    "errorCount" : 0,
    "errorPct" : 0.0,
    "meanResTime" : 11720.991000000007,
    "medianResTime" : 12239.5,
    "minResTime" : 1584.0,
    "maxResTime" : 54913.0,
    "pct1ResTime" : 14444.8,
    "pct2ResTime" : 14725.8,
    "pct3ResTime" : 16044.920000000002,